-- MySQL dump 10.13  Distrib 5.7.17, for Win64 (x86_64)
--
-- Host: us-cdbr-iron-east-05.cleardb.net    Database: heroku_43e6ebe3dd474ec (escng_schedule)
-- ------------------------------------------------------
-- Server version	5.6.36-log

/*!40101 SET @OLD_CHARACTER_SET_CLIENT=@@CHARACTER_SET_CLIENT */;
/*!40101 SET @OLD_CHARACTER_SET_RESULTS=@@CHARACTER_SET_RESULTS */;
/*!40101 SET @OLD_COLLATION_CONNECTION=@@COLLATION_CONNECTION */;
/*!40101 SET NAMES utf8 */;
/*!40103 SET @OLD_TIME_ZONE=@@TIME_ZONE */;
/*!40103 SET TIME_ZONE='+00:00' */;
/*!40014 SET @OLD_UNIQUE_CHECKS=@@UNIQUE_CHECKS, UNIQUE_CHECKS=0 */;
/*!40014 SET @OLD_FOREIGN_KEY_CHECKS=@@FOREIGN_KEY_CHECKS, FOREIGN_KEY_CHECKS=0 */;
/*!40101 SET @OLD_SQL_MODE=@@SQL_MODE, SQL_MODE='NO_AUTO_VALUE_ON_ZERO' */;
/*!40111 SET @OLD_SQL_NOTES=@@SQL_NOTES, SQL_NOTES=0 */;

--
-- Table structure for table `availability`
--

DROP TABLE IF EXISTS `availability`;
/*!40101 SET @saved_cs_client     = @@character_set_client */;
/*!40101 SET character_set_client = utf8 */;
CREATE TABLE `availability` (
  `id` int(11) NOT NULL AUTO_INCREMENT,
  `employee_id` int(11) NOT NULL,
  `week_day` int(11) NOT NULL,
  `from` char(2) NOT NULL,
  `to` char(2) NOT NULL,
  `created_at` datetime NOT NULL,
  `updated_at` datetime NOT NULL,
  PRIMARY KEY (`id`),
  KEY `availability_employee_id` (`employee_id`)
) ENGINE=InnoDB AUTO_INCREMENT=7 DEFAULT CHARSET=utf8;
/*!40101 SET character_set_client = @saved_cs_client */;

--
-- Dumping data for table `availability`
--

LOCK TABLES `availability` WRITE;
/*!40000 ALTER TABLE `availability` DISABLE KEYS */;
INSERT INTO `availability` VALUES (3,2,2,'13','14','2018-02-21 15:55:18','2018-02-21 15:55:18'),(5,1,2,'8','12','2018-02-21 16:06:19','2018-02-21 16:06:19'),(6,3,1,'15','18','2018-02-21 18:48:36','2018-02-21 18:48:36');
/*!40000 ALTER TABLE `availability` ENABLE KEYS */;
UNLOCK TABLES;

--
-- Table structure for table `branch`
--

DROP TABLE IF EXISTS `branch`;
/*!40101 SET @saved_cs_client     = @@character_set_client */;
/*!40101 SET character_set_client = utf8 */;
CREATE TABLE `branch` (
  `id` int(11) NOT NULL AUTO_INCREMENT,
  `name` varchar(255) NOT NULL,
  `status_id` int(11) DEFAULT '1',
  `created_at` datetime NOT NULL,
  `updated_at` datetime NOT NULL,
  PRIMARY KEY (`id`)
) ENGINE=InnoDB AUTO_INCREMENT=2 DEFAULT CHARSET=utf8;
/*!40101 SET character_set_client = @saved_cs_client */;

--
-- Dumping data for table `branch`
--

LOCK TABLES `branch` WRITE;
/*!40000 ALTER TABLE `branch` DISABLE KEYS */;
INSERT INTO `branch` VALUES (1,'Donado',1,'2018-02-21 14:35:38','2018-02-21 14:35:38');
/*!40000 ALTER TABLE `branch` ENABLE KEYS */;
UNLOCK TABLES;

--
-- Table structure for table `budget`
--

DROP TABLE IF EXISTS `budget`;
/*!40101 SET @saved_cs_client     = @@character_set_client */;
/*!40101 SET character_set_client = utf8 */;
CREATE TABLE `budget` (
  `id` int(11) NOT NULL AUTO_INCREMENT,
  `branch_id` int(11) NOT NULL,
  `date` date NOT NULL,
  `hours` int(11) NOT NULL,
  `footer` varchar(255) NOT NULL,
  `created_at` datetime NOT NULL,
  `updated_at` datetime NOT NULL,
  PRIMARY KEY (`id`),
  UNIQUE KEY `budget_date_branch_id` (`date`,`branch_id`)
) ENGINE=InnoDB AUTO_INCREMENT=261 DEFAULT CHARSET=utf8;
/*!40101 SET character_set_client = @saved_cs_client */;

--
-- Dumping data for table `budget`
--

LOCK TABLES `budget` WRITE;
/*!40000 ALTER TABLE `budget` DISABLE KEYS */;
INSERT INTO `budget` VALUES (21,1,'2018-02-21',140,'','2018-02-21 15:06:53','2018-02-21 15:06:53'),(22,1,'2018-02-22',142,'','2018-02-21 15:07:03','2018-02-21 15:07:03'),(23,1,'2018-02-23',160,'','2018-02-21 16:02:15','2018-02-21 16:02:15'),(24,1,'2018-02-24',180,'','2018-02-21 16:02:29','2018-02-21 16:02:29'),(31,1,'2018-03-09',189,'','2018-03-08 19:04:26','2018-03-08 19:04:26'),(41,1,'2018-03-10',171,'','2018-03-08 19:04:45','2018-03-08 19:04:45'),(51,1,'2018-03-11',107,'','2018-03-08 19:07:02','2018-03-08 19:07:02'),(61,1,'2018-03-12',157,'','2018-03-08 19:07:23','2018-03-08 19:07:23'),(71,1,'2018-03-13',152,'','2018-03-08 19:07:39','2018-03-08 19:07:39'),(81,1,'2018-03-14',138,'','2018-03-08 19:07:55','2018-03-08 19:07:55'),(91,1,'2018-03-15',148,'','2018-03-08 19:08:14','2018-03-08 19:08:14'),(101,1,'2018-03-16',176,'','2018-03-08 19:08:26','2018-03-08 19:08:26'),(111,1,'2018-03-17',170,'','2018-03-08 19:08:44','2018-03-08 19:08:44'),(121,1,'2018-03-18',105,'','2018-03-08 19:08:59','2018-03-08 19:08:59'),(131,1,'2018-03-19',147,'','2018-03-08 19:09:14','2018-03-08 19:09:14'),(141,1,'2018-03-20',150,'','2018-03-08 19:09:33','2018-03-08 19:09:33'),(151,1,'2018-03-21',160,'','2018-03-08 19:09:45','2018-03-08 19:09:45'),(161,1,'2018-03-22',160,'','2018-03-08 19:10:09','2018-03-08 19:10:09'),(171,1,'2018-03-23',150,'','2018-03-08 19:10:24','2018-03-08 19:10:24'),(181,1,'2018-03-24',170,'','2018-03-08 19:10:37','2018-03-08 19:10:37'),(191,1,'2018-03-25',100,'','2018-03-08 19:10:51','2018-03-08 19:10:51'),(201,1,'2018-03-26',150,'','2018-03-08 19:11:06','2018-03-08 19:11:06'),(211,1,'2018-03-27',155,'','2018-03-08 19:11:20','2018-03-08 19:11:20'),(221,1,'2018-03-28',145,'','2018-03-08 19:11:33','2018-03-08 19:11:33'),(231,1,'2018-03-29',145,'','2018-03-08 19:11:51','2018-03-08 19:11:51'),(241,1,'2018-03-30',190,'','2018-03-08 19:12:04','2018-03-08 19:12:04'),(251,1,'2018-03-31',180,'','2018-03-08 19:12:16','2018-03-08 19:12:16');
/*!40000 ALTER TABLE `budget` ENABLE KEYS */;
UNLOCK TABLES;

--
-- Table structure for table `employee`
--

DROP TABLE IF EXISTS `employee`;
/*!40101 SET @saved_cs_client     = @@character_set_client */;
/*!40101 SET character_set_client = utf8 */;
CREATE TABLE `employee` (
  `id` int(11) NOT NULL AUTO_INCREMENT,
  `badge` varchar(255) NOT NULL,
  `last_name` varchar(255) NOT NULL,
  `first_name` varchar(255) NOT NULL,
  `branch_id` int(11) NOT NULL,
  `joining_date` date NOT NULL,
  `status_id` int(11) DEFAULT '1',
  `created_at` datetime NOT NULL,
  `updated_at` datetime NOT NULL,
  PRIMARY KEY (`id`)
) ENGINE=InnoDB AUTO_INCREMENT=321 DEFAULT CHARSET=utf8;
/*!40101 SET character_set_client = @saved_cs_client */;

--
-- Dumping data for table `employee`
--

LOCK TABLES `employee` WRITE;
/*!40000 ALTER TABLE `employee` DISABLE KEYS */;
INSERT INTO `employee` VALUES (1,'E-001','Martinez','José',1,'2017-11-01',2,'2018-02-21 15:14:49','2018-03-07 17:14:57'),(2,'E-002','Forge','Marcela',1,'2016-11-15',2,'2018-02-21 15:31:54','2018-03-07 17:15:01'),(3,'125','GARAT','PEDRO',1,'2016-02-12',2,'2018-02-21 15:58:16','2018-03-07 17:14:36'),(4,'129','ALISONE','MAXIMILIANO',1,'2014-10-14',2,'2018-02-21 15:59:15','2018-03-07 17:14:45'),(5,'25','CASATTI','CLAUDIA',1,'2010-05-20',2,'2018-02-21 16:00:23','2018-03-07 17:14:48'),(6,'40','DELGADO','DAMIAN',1,'2009-11-24',2,'2018-02-21 16:01:12','2018-03-07 17:14:55'),(7,'927','MUÑOZ','DARIO',1,'2011-12-06',1,'2018-02-22 12:05:21','2018-03-08 16:07:26'),(11,'268','Palombo','Alejandro',1,'1998-12-20',1,'2018-03-08 16:01:57','2018-03-08 16:01:57'),(21,'491','Vasquez','Norma',1,'1998-12-16',1,'2018-03-08 16:02:55','2018-03-08 16:02:55'),(31,'682','Ramos','Romina',1,'2007-07-27',1,'2018-03-08 16:04:15','2018-03-08 16:04:15'),(41,'984','Randich','Matias',1,'2013-01-07',1,'2018-03-08 16:08:24','2018-03-08 16:08:24'),(51,'995','Ontivero','Mayra Giselle',1,'2013-03-08',1,'2018-03-08 16:09:50','2018-03-08 16:09:50'),(61,'1046','Robbio','Agustin',1,'2013-12-23',1,'2018-03-08 18:07:06','2018-03-08 18:07:06'),(71,'1090','Menchi','Abel',1,'2014-09-05',1,'2018-03-08 18:07:55','2018-03-08 18:07:55'),(81,'1115','Payote','Maximiliano',1,'2015-03-30',1,'2018-03-08 18:08:49','2018-03-08 18:08:49'),(91,'1133','Tello','Rodolfo',1,'2015-07-14',1,'2018-03-08 18:11:23','2018-03-08 18:11:23'),(101,'1226','Lacout','Carolina',1,'2017-11-23',1,'2018-03-08 18:12:57','2018-03-08 18:12:57'),(111,'1222','Caldera','Laureano',1,'2017-01-18',1,'2018-03-08 18:14:15','2018-03-08 18:14:15'),(121,'1026','Pacheco','Ezequiel',1,'2013-08-14',1,'2018-03-08 18:26:27','2018-03-08 18:26:27'),(131,'1123','Garcia','Florencia Cintia',1,'2015-04-28',1,'2018-03-08 18:28:12','2018-03-08 18:28:12'),(141,'1124','Miravalles','Rocio',1,'2015-09-15',1,'2018-03-08 18:29:11','2018-03-08 18:29:11'),(151,'1129','Arleo','Franco',1,'2015-06-05',1,'2018-03-08 18:30:13','2018-03-08 18:30:13'),(161,'1151','Brenda','Ferreyra',1,'2015-11-13',1,'2018-03-08 18:31:33','2018-03-08 18:31:33'),(171,'1154','Arreche','Maximiliano',1,'2015-11-19',1,'2018-03-08 18:33:41','2018-03-08 18:33:41'),(181,'1170','Alonso','Exequiel',1,'2016-12-19',1,'2018-03-08 18:34:29','2018-03-08 18:34:29'),(191,'1199','Leguizamon','Antonella',1,'2016-05-11',1,'2018-03-08 18:35:34','2018-03-08 18:35:34'),(201,'1201','De Frias','Aldana mMicaela',1,'2016-05-11',1,'2018-03-08 18:36:43','2018-03-08 18:36:43'),(211,'1205','Molina','Alexandra',1,'2016-07-19',1,'2018-03-08 18:38:06','2018-03-08 18:38:06'),(221,'1212','Alvarado','Claudia',1,'2016-09-06',1,'2018-03-08 18:39:17','2018-03-08 18:39:17'),(231,'1220','Garcia','Carina',1,'2016-12-30',1,'2018-03-08 18:40:22','2018-03-08 18:40:22'),(241,'1224','Tejeda','Iara',1,'2017-01-16',1,'2018-03-08 18:41:12','2018-03-08 18:41:12'),(251,'1248','Cornelli','Camila',1,'2017-09-08',1,'2018-03-08 18:42:26','2018-03-08 18:42:26'),(261,'1263','Madrigali','Ariel',1,'2018-01-05',1,'2018-03-08 18:43:44','2018-03-08 18:43:44'),(271,'1264','Larrasolo','Emiliano',1,'2018-01-08',1,'2018-03-08 18:44:44','2018-03-08 18:44:44'),(281,'1265','Rodriguez','Facundo',1,'2018-01-10',1,'2018-03-08 18:45:50','2018-03-08 18:45:50'),(291,'1268','Beltran','Stefania',1,'2018-01-19',1,'2018-03-08 18:49:53','2018-03-08 18:49:53'),(301,'1269','Dalmau','Lucas',1,'0009-06-12',1,'2018-03-08 18:56:40','2018-03-08 18:56:40'),(311,'1270','Gette','Camila',1,'2018-03-06',1,'2018-03-08 18:57:29','2018-03-08 18:57:29');
/*!40000 ALTER TABLE `employee` ENABLE KEYS */;
UNLOCK TABLES;

--
-- Table structure for table `employee_position`
--

DROP TABLE IF EXISTS `employee_position`;
/*!40101 SET @saved_cs_client     = @@character_set_client */;
/*!40101 SET character_set_client = utf8 */;
CREATE TABLE `employee_position` (
  `id` int(11) NOT NULL AUTO_INCREMENT,
  `employee_id` int(11) NOT NULL,
  `position_id` int(11) NOT NULL,
  `created_at` datetime NOT NULL,
  `updated_at` datetime NOT NULL,
  PRIMARY KEY (`id`),
  KEY `employee_position_employee_id` (`employee_id`)
) ENGINE=InnoDB AUTO_INCREMENT=2141 DEFAULT CHARSET=utf8;
/*!40101 SET character_set_client = @saved_cs_client */;

--
-- Dumping data for table `employee_position`
--

LOCK TABLES `employee_position` WRITE;
/*!40000 ALTER TABLE `employee_position` DISABLE KEYS */;
INSERT INTO `employee_position` VALUES (7,2,2,'2018-02-21 15:55:18','2018-02-21 15:55:18'),(8,2,3,'2018-02-21 15:55:18','2018-02-21 15:55:18'),(9,2,6,'2018-02-21 15:55:18','2018-02-21 15:55:18'),(16,4,4,'2018-02-21 15:59:15','2018-02-21 15:59:15'),(17,4,5,'2018-02-21 15:59:15','2018-02-21 15:59:15'),(18,4,6,'2018-02-21 15:59:15','2018-02-21 15:59:15'),(19,4,7,'2018-02-21 15:59:15','2018-02-21 15:59:15'),(20,4,9,'2018-02-21 15:59:15','2018-02-21 15:59:15'),(21,5,2,'2018-02-21 16:00:23','2018-02-21 16:00:23'),(22,5,3,'2018-02-21 16:00:23','2018-02-21 16:00:23'),(23,5,4,'2018-02-21 16:00:23','2018-02-21 16:00:23'),(24,5,5,'2018-02-21 16:00:23','2018-02-21 16:00:23'),(25,5,6,'2018-02-21 16:00:23','2018-02-21 16:00:23'),(26,5,9,'2018-02-21 16:00:23','2018-02-21 16:00:23'),(27,6,1,'2018-02-21 16:01:12','2018-02-21 16:01:12'),(28,6,2,'2018-02-21 16:01:12','2018-02-21 16:01:12'),(29,6,3,'2018-02-21 16:01:12','2018-02-21 16:01:12'),(30,6,4,'2018-02-21 16:01:12','2018-02-21 16:01:12'),(31,6,8,'2018-02-21 16:01:12','2018-02-21 16:01:12'),(32,6,10,'2018-02-21 16:01:12','2018-02-21 16:01:12'),(33,1,1,'2018-02-21 16:06:19','2018-02-21 16:06:19'),(34,1,4,'2018-02-21 16:06:19','2018-02-21 16:06:19'),(35,1,3,'2018-02-21 16:06:19','2018-02-21 16:06:19'),(36,3,6,'2018-02-21 18:48:35','2018-02-21 18:48:35'),(37,3,7,'2018-02-21 18:48:35','2018-02-21 18:48:35'),(38,3,8,'2018-02-21 18:48:35','2018-02-21 18:48:35'),(39,3,9,'2018-02-21 18:48:35','2018-02-21 18:48:35'),(40,3,11,'2018-02-21 18:48:35','2018-02-21 18:48:35'),(41,3,4,'2018-02-21 18:48:35','2018-02-21 18:48:35'),(131,21,2,'2018-03-08 16:02:55','2018-03-08 16:02:55'),(141,21,3,'2018-03-08 16:02:55','2018-03-08 16:02:55'),(151,31,2,'2018-03-08 16:04:15','2018-03-08 16:04:15'),(161,31,3,'2018-03-08 16:04:15','2018-03-08 16:04:15'),(171,31,6,'2018-03-08 16:04:15','2018-03-08 16:04:15'),(181,11,2,'2018-03-08 16:06:18','2018-03-08 16:06:18'),(191,11,3,'2018-03-08 16:06:18','2018-03-08 16:06:18'),(201,11,4,'2018-03-08 16:06:18','2018-03-08 16:06:18'),(211,11,5,'2018-03-08 16:06:18','2018-03-08 16:06:18'),(221,11,6,'2018-03-08 16:06:18','2018-03-08 16:06:18'),(231,11,7,'2018-03-08 16:06:18','2018-03-08 16:06:18'),(241,11,8,'2018-03-08 16:06:18','2018-03-08 16:06:18'),(251,11,9,'2018-03-08 16:06:18','2018-03-08 16:06:18'),(261,7,3,'2018-03-08 16:07:26','2018-03-08 16:07:26'),(271,7,2,'2018-03-08 16:07:26','2018-03-08 16:07:26'),(281,7,6,'2018-03-08 16:07:26','2018-03-08 16:07:26'),(291,41,10,'2018-03-08 16:08:24','2018-03-08 16:08:24'),(301,41,11,'2018-03-08 16:08:24','2018-03-08 16:08:24'),(311,51,2,'2018-03-08 16:09:50','2018-03-08 16:09:50'),(321,51,4,'2018-03-08 16:09:50','2018-03-08 16:09:50'),(331,51,6,'2018-03-08 16:09:50','2018-03-08 16:09:50'),(341,51,7,'2018-03-08 16:09:50','2018-03-08 16:09:50'),(351,51,8,'2018-03-08 16:09:50','2018-03-08 16:09:50'),(361,51,9,'2018-03-08 16:09:50','2018-03-08 16:09:50'),(371,51,11,'2018-03-08 16:09:50','2018-03-08 16:09:50'),(381,51,3,'2018-03-08 16:09:50','2018-03-08 16:09:50'),(391,51,5,'2018-03-08 16:09:50','2018-03-08 16:09:50'),(401,61,2,'2018-03-08 18:07:06','2018-03-08 18:07:06'),(411,61,3,'2018-03-08 18:07:06','2018-03-08 18:07:06'),(421,61,4,'2018-03-08 18:07:06','2018-03-08 18:07:06'),(431,61,5,'2018-03-08 18:07:06','2018-03-08 18:07:06'),(441,61,6,'2018-03-08 18:07:06','2018-03-08 18:07:06'),(451,61,7,'2018-03-08 18:07:06','2018-03-08 18:07:06'),(461,61,11,'2018-03-08 18:07:06','2018-03-08 18:07:06'),(471,61,8,'2018-03-08 18:07:06','2018-03-08 18:07:06'),(481,71,2,'2018-03-08 18:07:55','2018-03-08 18:07:55'),(491,71,3,'2018-03-08 18:07:55','2018-03-08 18:07:55'),(501,71,4,'2018-03-08 18:07:55','2018-03-08 18:07:55'),(511,71,6,'2018-03-08 18:07:55','2018-03-08 18:07:55'),(521,71,9,'2018-03-08 18:07:55','2018-03-08 18:07:55'),(531,71,8,'2018-03-08 18:07:55','2018-03-08 18:07:55'),(541,81,10,'2018-03-08 18:08:49','2018-03-08 18:08:49'),(551,81,8,'2018-03-08 18:08:49','2018-03-08 18:08:49'),(561,81,11,'2018-03-08 18:08:49','2018-03-08 18:08:49'),(571,91,2,'2018-03-08 18:11:23','2018-03-08 18:11:23'),(581,91,3,'2018-03-08 18:11:23','2018-03-08 18:11:23'),(591,91,6,'2018-03-08 18:11:23','2018-03-08 18:11:23'),(601,91,11,'2018-03-08 18:11:23','2018-03-08 18:11:23'),(611,101,5,'2018-03-08 18:12:57','2018-03-08 18:12:57'),(621,101,7,'2018-03-08 18:12:57','2018-03-08 18:12:57'),(631,101,11,'2018-03-08 18:12:57','2018-03-08 18:12:57'),(641,101,9,'2018-03-08 18:12:57','2018-03-08 18:12:57'),(651,101,8,'2018-03-08 18:12:57','2018-03-08 18:12:57'),(661,111,6,'2018-03-08 18:14:15','2018-03-08 18:14:15'),(671,111,4,'2018-03-08 18:14:15','2018-03-08 18:14:15'),(681,111,8,'2018-03-08 18:14:15','2018-03-08 18:14:15'),(691,111,11,'2018-03-08 18:14:15','2018-03-08 18:14:15'),(701,111,5,'2018-03-08 18:14:15','2018-03-08 18:14:15'),(711,111,7,'2018-03-08 18:14:15','2018-03-08 18:14:15'),(721,111,3,'2018-03-08 18:14:15','2018-03-08 18:14:15'),(731,121,3,'2018-03-08 18:26:27','2018-03-08 18:26:27'),(741,121,2,'2018-03-08 18:26:27','2018-03-08 18:26:27'),(751,121,5,'2018-03-08 18:26:27','2018-03-08 18:26:27'),(761,121,6,'2018-03-08 18:26:27','2018-03-08 18:26:27'),(771,121,7,'2018-03-08 18:26:27','2018-03-08 18:26:27'),(781,131,3,'2018-03-08 18:28:12','2018-03-08 18:28:12'),(791,131,4,'2018-03-08 18:28:12','2018-03-08 18:28:12'),(801,131,5,'2018-03-08 18:28:12','2018-03-08 18:28:12'),(811,131,8,'2018-03-08 18:28:12','2018-03-08 18:28:12'),(821,131,6,'2018-03-08 18:28:12','2018-03-08 18:28:12'),(831,131,7,'2018-03-08 18:28:12','2018-03-08 18:28:12'),(841,141,3,'2018-03-08 18:29:11','2018-03-08 18:29:11'),(851,141,2,'2018-03-08 18:29:11','2018-03-08 18:29:11'),(861,141,4,'2018-03-08 18:29:11','2018-03-08 18:29:11'),(871,141,5,'2018-03-08 18:29:11','2018-03-08 18:29:11'),(881,141,7,'2018-03-08 18:29:11','2018-03-08 18:29:11'),(891,141,6,'2018-03-08 18:29:11','2018-03-08 18:29:11'),(901,141,9,'2018-03-08 18:29:11','2018-03-08 18:29:11'),(911,141,8,'2018-03-08 18:29:11','2018-03-08 18:29:11'),(921,151,5,'2018-03-08 18:30:13','2018-03-08 18:30:13'),(931,151,6,'2018-03-08 18:30:13','2018-03-08 18:30:13'),(941,151,4,'2018-03-08 18:30:13','2018-03-08 18:30:13'),(951,151,3,'2018-03-08 18:30:13','2018-03-08 18:30:13'),(961,151,2,'2018-03-08 18:30:13','2018-03-08 18:30:13'),(971,151,7,'2018-03-08 18:30:13','2018-03-08 18:30:13'),(981,151,8,'2018-03-08 18:30:13','2018-03-08 18:30:13'),(991,161,2,'2018-03-08 18:31:33','2018-03-08 18:31:33'),(1001,161,3,'2018-03-08 18:31:33','2018-03-08 18:31:33'),(1011,161,4,'2018-03-08 18:31:33','2018-03-08 18:31:33'),(1021,161,5,'2018-03-08 18:31:33','2018-03-08 18:31:33'),(1031,161,6,'2018-03-08 18:31:33','2018-03-08 18:31:33'),(1041,161,7,'2018-03-08 18:31:33','2018-03-08 18:31:33'),(1051,161,8,'2018-03-08 18:31:33','2018-03-08 18:31:33'),(1061,161,9,'2018-03-08 18:31:33','2018-03-08 18:31:33'),(1071,171,3,'2018-03-08 18:33:41','2018-03-08 18:33:41'),(1081,171,2,'2018-03-08 18:33:41','2018-03-08 18:33:41'),(1091,171,4,'2018-03-08 18:33:41','2018-03-08 18:33:41'),(1101,171,5,'2018-03-08 18:33:41','2018-03-08 18:33:41'),(1111,171,6,'2018-03-08 18:33:41','2018-03-08 18:33:41'),(1121,171,7,'2018-03-08 18:33:41','2018-03-08 18:33:41'),(1131,171,8,'2018-03-08 18:33:41','2018-03-08 18:33:41'),(1141,171,9,'2018-03-08 18:33:41','2018-03-08 18:33:41'),(1151,181,2,'2018-03-08 18:34:29','2018-03-08 18:34:29'),(1161,181,3,'2018-03-08 18:34:29','2018-03-08 18:34:29'),(1171,181,4,'2018-03-08 18:34:29','2018-03-08 18:34:29'),(1181,181,5,'2018-03-08 18:34:29','2018-03-08 18:34:29'),(1191,181,6,'2018-03-08 18:34:29','2018-03-08 18:34:29'),(1201,181,7,'2018-03-08 18:34:29','2018-03-08 18:34:29'),(1211,181,8,'2018-03-08 18:34:29','2018-03-08 18:34:29'),(1221,191,5,'2018-03-08 18:35:34','2018-03-08 18:35:34'),(1231,191,4,'2018-03-08 18:35:34','2018-03-08 18:35:34'),(1241,191,3,'2018-03-08 18:35:34','2018-03-08 18:35:34'),(1251,191,2,'2018-03-08 18:35:34','2018-03-08 18:35:34'),(1261,191,6,'2018-03-08 18:35:34','2018-03-08 18:35:34'),(1271,191,7,'2018-03-08 18:35:34','2018-03-08 18:35:34'),(1281,201,2,'2018-03-08 18:36:43','2018-03-08 18:36:43'),(1291,201,3,'2018-03-08 18:36:43','2018-03-08 18:36:43'),(1301,201,4,'2018-03-08 18:36:43','2018-03-08 18:36:43'),(1311,201,5,'2018-03-08 18:36:43','2018-03-08 18:36:43'),(1321,201,6,'2018-03-08 18:36:43','2018-03-08 18:36:43'),(1331,201,7,'2018-03-08 18:36:43','2018-03-08 18:36:43'),(1341,201,8,'2018-03-08 18:36:43','2018-03-08 18:36:43'),(1351,201,9,'2018-03-08 18:36:43','2018-03-08 18:36:43'),(1361,211,2,'2018-03-08 18:38:06','2018-03-08 18:38:06'),(1371,211,3,'2018-03-08 18:38:06','2018-03-08 18:38:06'),(1381,211,4,'2018-03-08 18:38:06','2018-03-08 18:38:06'),(1391,211,5,'2018-03-08 18:38:06','2018-03-08 18:38:06'),(1401,211,6,'2018-03-08 18:38:06','2018-03-08 18:38:06'),(1411,211,7,'2018-03-08 18:38:06','2018-03-08 18:38:06'),(1421,211,8,'2018-03-08 18:38:06','2018-03-08 18:38:06'),(1431,221,3,'2018-03-08 18:39:17','2018-03-08 18:39:17'),(1441,221,2,'2018-03-08 18:39:17','2018-03-08 18:39:17'),(1451,221,4,'2018-03-08 18:39:17','2018-03-08 18:39:17'),(1461,221,5,'2018-03-08 18:39:17','2018-03-08 18:39:17'),(1471,221,6,'2018-03-08 18:39:17','2018-03-08 18:39:17'),(1481,221,7,'2018-03-08 18:39:17','2018-03-08 18:39:17'),(1491,221,8,'2018-03-08 18:39:17','2018-03-08 18:39:17'),(1501,231,3,'2018-03-08 18:40:22','2018-03-08 18:40:22'),(1511,231,2,'2018-03-08 18:40:22','2018-03-08 18:40:22'),(1521,231,4,'2018-03-08 18:40:22','2018-03-08 18:40:22'),(1531,231,5,'2018-03-08 18:40:22','2018-03-08 18:40:22'),(1541,231,6,'2018-03-08 18:40:22','2018-03-08 18:40:22'),(1551,231,7,'2018-03-08 18:40:22','2018-03-08 18:40:22'),(1561,241,2,'2018-03-08 18:41:12','2018-03-08 18:41:12'),(1571,241,3,'2018-03-08 18:41:12','2018-03-08 18:41:12'),(1581,241,4,'2018-03-08 18:41:12','2018-03-08 18:41:12'),(1591,241,5,'2018-03-08 18:41:12','2018-03-08 18:41:12'),(1601,241,6,'2018-03-08 18:41:12','2018-03-08 18:41:12'),(1611,241,7,'2018-03-08 18:41:12','2018-03-08 18:41:12'),(1621,241,8,'2018-03-08 18:41:12','2018-03-08 18:41:12'),(1631,251,3,'2018-03-08 18:42:26','2018-03-08 18:42:26'),(1641,251,2,'2018-03-08 18:42:26','2018-03-08 18:42:26'),(1651,251,4,'2018-03-08 18:42:26','2018-03-08 18:42:26'),(1661,251,5,'2018-03-08 18:42:26','2018-03-08 18:42:26'),(1671,251,6,'2018-03-08 18:42:26','2018-03-08 18:42:26'),(1681,251,7,'2018-03-08 18:42:26','2018-03-08 18:42:26'),(1691,251,8,'2018-03-08 18:42:26','2018-03-08 18:42:26'),(1701,261,5,'2018-03-08 18:43:44','2018-03-08 18:43:44'),(1711,261,3,'2018-03-08 18:43:44','2018-03-08 18:43:44'),(1721,261,4,'2018-03-08 18:43:44','2018-03-08 18:43:44'),(1731,261,6,'2018-03-08 18:43:44','2018-03-08 18:43:44'),(1741,261,7,'2018-03-08 18:43:44','2018-03-08 18:43:44'),(1751,261,2,'2018-03-08 18:43:44','2018-03-08 18:43:44'),(1761,261,8,'2018-03-08 18:43:44','2018-03-08 18:43:44'),(1771,271,3,'2018-03-08 18:44:44','2018-03-08 18:44:44'),(1781,271,2,'2018-03-08 18:44:44','2018-03-08 18:44:44'),(1791,271,4,'2018-03-08 18:44:44','2018-03-08 18:44:44'),(1801,271,5,'2018-03-08 18:44:44','2018-03-08 18:44:44'),(1811,271,6,'2018-03-08 18:44:44','2018-03-08 18:44:44'),(1821,271,7,'2018-03-08 18:44:44','2018-03-08 18:44:44'),(1831,281,2,'2018-03-08 18:45:50','2018-03-08 18:45:50'),(1841,281,3,'2018-03-08 18:45:50','2018-03-08 18:45:50'),(1851,281,4,'2018-03-08 18:45:50','2018-03-08 18:45:50'),(1861,281,5,'2018-03-08 18:45:50','2018-03-08 18:45:50'),(1871,281,7,'2018-03-08 18:45:50','2018-03-08 18:45:50'),(1881,281,6,'2018-03-08 18:45:50','2018-03-08 18:45:50'),(1891,281,8,'2018-03-08 18:45:50','2018-03-08 18:45:50'),(1901,291,2,'2018-03-08 18:49:53','2018-03-08 18:49:53'),(1911,291,3,'2018-03-08 18:49:53','2018-03-08 18:49:53'),(1921,291,4,'2018-03-08 18:49:53','2018-03-08 18:49:53'),(1931,291,5,'2018-03-08 18:49:53','2018-03-08 18:49:53'),(1941,291,6,'2018-03-08 18:49:53','2018-03-08 18:49:53'),(1951,291,7,'2018-03-08 18:49:53','2018-03-08 18:49:53'),(1961,291,8,'2018-03-08 18:49:53','2018-03-08 18:49:53'),(1971,291,9,'2018-03-08 18:49:53','2018-03-08 18:49:53'),(1981,301,2,'2018-03-08 18:56:40','2018-03-08 18:56:40'),(1991,301,3,'2018-03-08 18:56:40','2018-03-08 18:56:40'),(2001,301,4,'2018-03-08 18:56:40','2018-03-08 18:56:40'),(2011,301,5,'2018-03-08 18:56:40','2018-03-08 18:56:40'),(2021,301,6,'2018-03-08 18:56:40','2018-03-08 18:56:40'),(2031,301,7,'2018-03-08 18:56:40','2018-03-08 18:56:40'),(2041,301,8,'2018-03-08 18:56:40','2018-03-08 18:56:40'),(2051,301,9,'2018-03-08 18:56:40','2018-03-08 18:56:40'),(2061,311,3,'2018-03-08 18:57:29','2018-03-08 18:57:29'),(2071,311,2,'2018-03-08 18:57:29','2018-03-08 18:57:29'),(2081,311,4,'2018-03-08 18:57:29','2018-03-08 18:57:29'),(2091,311,5,'2018-03-08 18:57:29','2018-03-08 18:57:29'),(2101,311,6,'2018-03-08 18:57:29','2018-03-08 18:57:29'),(2111,311,7,'2018-03-08 18:57:29','2018-03-08 18:57:29'),(2121,311,8,'2018-03-08 18:57:29','2018-03-08 18:57:29'),(2131,311,9,'2018-03-08 18:57:29','2018-03-08 18:57:29');
/*!40000 ALTER TABLE `employee_position` ENABLE KEYS */;
UNLOCK TABLES;

--
-- Table structure for table `position`
--

DROP TABLE IF EXISTS `position`;
/*!40101 SET @saved_cs_client     = @@character_set_client */;
/*!40101 SET character_set_client = utf8 */;
CREATE TABLE `position` (
  `id` int(11) NOT NULL AUTO_INCREMENT,
  `sector_id` int(11) NOT NULL,
  `name` varchar(255) NOT NULL,
  `color` varchar(255) NOT NULL,
  `created_at` datetime NOT NULL,
  `updated_at` datetime NOT NULL,
  PRIMARY KEY (`id`),
  KEY `position_sector_id` (`sector_id`)
) ENGINE=InnoDB AUTO_INCREMENT=12 DEFAULT CHARSET=utf8;
/*!40101 SET character_set_client = @saved_cs_client */;

--
-- Dumping data for table `position`
--

LOCK TABLES `position` WRITE;
/*!40000 ALTER TABLE `position` DISABLE KEYS */;
INSERT INTO `position` VALUES (1,1,'Entrenamiento','#ffff00','2018-02-21 14:35:38','2018-02-21 15:31:00'),(2,2,'Elaboración','#000000','2018-02-21 14:35:39','2018-02-21 16:14:30'),(3,2,'Cocción','#c0c0c0','2018-02-21 14:35:39','2018-02-21 16:14:53'),(4,3,'Runner','#ff0000','2018-02-21 14:35:39','2018-02-21 16:13:28'),(5,3,'Cajero','#ff0080','2018-02-21 14:35:39','2018-02-21 16:15:30'),(6,4,'Barra','#00ff00','2018-02-21 14:35:39','2018-02-21 16:15:45'),(7,4,'Caja','#00ff00','2018-02-21 14:35:39','2018-03-08 16:05:48'),(8,5,'Servicio','#0000ff','2018-02-21 14:35:39','2018-02-21 16:12:46'),(9,5,'Valle','#ffa74f','2018-02-21 14:35:39','2018-02-21 15:30:30'),(10,6,'Depositos','#008000','2018-02-21 14:35:39','2018-02-21 16:13:08'),(11,7,'Eventos','#ff00ff','2018-02-21 14:35:39','2018-02-21 15:31:08');
/*!40000 ALTER TABLE `position` ENABLE KEYS */;
UNLOCK TABLES;

--
-- Table structure for table `profile`
--

DROP TABLE IF EXISTS `profile`;
/*!40101 SET @saved_cs_client     = @@character_set_client */;
/*!40101 SET character_set_client = utf8 */;
CREATE TABLE `profile` (
  `id` int(11) NOT NULL AUTO_INCREMENT,
  `name` varchar(255) NOT NULL,
  `created_at` datetime NOT NULL,
  `updated_at` datetime NOT NULL,
  PRIMARY KEY (`id`)
) ENGINE=InnoDB AUTO_INCREMENT=3 DEFAULT CHARSET=utf8;
/*!40101 SET character_set_client = @saved_cs_client */;

--
-- Dumping data for table `profile`
--

LOCK TABLES `profile` WRITE;
/*!40000 ALTER TABLE `profile` DISABLE KEYS */;
INSERT INTO `profile` VALUES (1,'Administrador','2018-02-21 14:35:38','2018-02-21 14:35:38'),(2,'Supervisor','2018-02-21 14:35:38','2018-02-21 14:35:38');
/*!40000 ALTER TABLE `profile` ENABLE KEYS */;
UNLOCK TABLES;

--
-- Table structure for table `schedule`
--

DROP TABLE IF EXISTS `schedule`;
/*!40101 SET @saved_cs_client     = @@character_set_client */;
/*!40101 SET character_set_client = utf8 */;
CREATE TABLE `schedule` (
  `id` int(11) NOT NULL AUTO_INCREMENT,
  `budget_id` int(11) NOT NULL,
  `employee_id` int(11) NOT NULL,
  `position_id` int(11) NOT NULL,
  `from` int(11) NOT NULL,
  `to` int(11) NOT NULL,
  `created_at` datetime NOT NULL,
  `updated_at` datetime NOT NULL,
  PRIMARY KEY (`id`),
  KEY `schedule_budget_id` (`budget_id`)
) ENGINE=InnoDB AUTO_INCREMENT=171 DEFAULT CHARSET=utf8;
/*!40101 SET character_set_client = @saved_cs_client */;

--
-- Dumping data for table `schedule`
--

LOCK TABLES `schedule` WRITE;
/*!40000 ALTER TABLE `schedule` DISABLE KEYS */;
INSERT INTO `schedule` VALUES (10,21,1,1,7,10,'2018-02-21 15:54:09','2018-02-21 15:54:09'),(11,21,1,4,10,18,'2018-02-21 15:54:31','2018-02-21 15:54:31'),(12,21,2,2,8,15,'2018-02-21 15:55:47','2018-02-21 15:55:47'),(13,22,3,6,7,15,'2018-02-21 16:03:36','2018-02-21 16:03:36'),(14,22,4,6,14,21,'2018-02-21 16:05:08','2018-02-21 16:05:08'),(15,22,6,2,7,16,'2018-02-21 16:05:25','2018-02-21 16:05:25'),(16,22,5,3,15,21,'2018-02-21 16:05:47','2018-02-21 16:05:47'),(17,22,1,3,18,24,'2018-02-21 16:06:50','2018-02-21 16:06:50'),(18,22,2,6,18,20,'2018-02-21 16:07:51','2018-02-21 18:55:25'),(19,22,2,3,20,24,'2018-02-21 18:55:50','2018-02-21 18:55:50'),(20,22,7,3,10,18,'2018-02-22 12:05:56','2018-02-22 12:05:56'),(21,23,5,4,12,20,'2018-02-27 12:11:42','2018-02-27 12:11:42'),(41,141,61,7,7,15,'2018-03-19 08:58:10','2018-03-19 08:58:10'),(51,141,71,6,7,15,'2018-03-19 08:58:45','2018-03-19 08:58:45'),(61,141,201,6,9,12,'2018-03-19 08:59:28','2018-03-19 08:59:28'),(81,141,131,6,14,22,'2018-03-19 09:00:29','2018-03-19 09:00:29'),(91,141,11,7,14,22,'2018-03-19 09:01:06','2018-03-19 09:01:06'),(101,141,161,7,17,24,'2018-03-19 09:02:12','2018-03-19 09:02:12'),(121,141,201,6,16,24,'2018-03-19 09:03:11','2018-03-19 09:03:11'),(151,141,111,4,18,24,'2018-03-19 09:06:56','2018-03-19 09:06:56'),(161,141,171,8,18,25,'2018-03-19 09:08:39','2018-03-19 09:08:39');
/*!40000 ALTER TABLE `schedule` ENABLE KEYS */;
UNLOCK TABLES;

--
-- Table structure for table `sector`
--

DROP TABLE IF EXISTS `sector`;
/*!40101 SET @saved_cs_client     = @@character_set_client */;
/*!40101 SET character_set_client = utf8 */;
CREATE TABLE `sector` (
  `id` int(11) NOT NULL AUTO_INCREMENT,
  `name` varchar(255) NOT NULL,
  `created_at` datetime NOT NULL,
  `updated_at` datetime NOT NULL,
  PRIMARY KEY (`id`)
) ENGINE=InnoDB AUTO_INCREMENT=8 DEFAULT CHARSET=utf8;
/*!40101 SET character_set_client = @saved_cs_client */;

--
-- Dumping data for table `sector`
--

LOCK TABLES `sector` WRITE;
/*!40000 ALTER TABLE `sector` DISABLE KEYS */;
INSERT INTO `sector` VALUES (1,'Entrenamiento','2018-02-21 14:35:38','2018-02-21 14:35:38'),(2,'Cocina','2018-02-21 14:35:38','2018-02-21 14:35:38'),(3,'Cajas','2018-02-21 14:35:38','2018-02-21 14:35:38'),(4,'Cafetería','2018-02-21 14:35:38','2018-02-21 14:35:38'),(5,'Salón','2018-02-21 14:35:38','2018-02-21 14:35:38'),(6,'Depositos','2018-02-21 14:35:38','2018-02-21 14:35:38'),(7,'Eventos','2018-02-21 14:35:38','2018-02-21 14:35:38');
/*!40000 ALTER TABLE `sector` ENABLE KEYS */;
UNLOCK TABLES;

--
-- Table structure for table `status`
--

DROP TABLE IF EXISTS `status`;
/*!40101 SET @saved_cs_client     = @@character_set_client */;
/*!40101 SET character_set_client = utf8 */;
CREATE TABLE `status` (
  `id` int(11) NOT NULL AUTO_INCREMENT,
  `name` varchar(255) NOT NULL,
  `created_at` datetime NOT NULL,
  `updated_at` datetime NOT NULL,
  PRIMARY KEY (`id`)
) ENGINE=InnoDB AUTO_INCREMENT=3 DEFAULT CHARSET=utf8;
/*!40101 SET character_set_client = @saved_cs_client */;

--
-- Dumping data for table `status`
--

LOCK TABLES `status` WRITE;
/*!40000 ALTER TABLE `status` DISABLE KEYS */;
INSERT INTO `status` VALUES (1,'Activo','2018-02-21 14:35:38','2018-02-21 14:35:38'),(2,'Inactivo','2018-02-21 14:35:38','2018-02-21 14:35:38');
/*!40000 ALTER TABLE `status` ENABLE KEYS */;
UNLOCK TABLES;

--
-- Table structure for table `timeoff`
--

DROP TABLE IF EXISTS `timeoff`;
/*!40101 SET @saved_cs_client     = @@character_set_client */;
/*!40101 SET character_set_client = utf8 */;
CREATE TABLE `timeoff` (
  `id` int(11) NOT NULL AUTO_INCREMENT,
  `employee_id` int(11) NOT NULL,
  `date` date NOT NULL,
  `created_at` datetime NOT NULL,
  `updated_at` datetime NOT NULL,
  PRIMARY KEY (`id`),
  KEY `timeoff_employee_id` (`employee_id`)
) ENGINE=InnoDB DEFAULT CHARSET=utf8;
/*!40101 SET character_set_client = @saved_cs_client */;

--
-- Dumping data for table `timeoff`
--

LOCK TABLES `timeoff` WRITE;
/*!40000 ALTER TABLE `timeoff` DISABLE KEYS */;
/*!40000 ALTER TABLE `timeoff` ENABLE KEYS */;
UNLOCK TABLES;

--
-- Table structure for table `user`
--

DROP TABLE IF EXISTS `user`;
/*!40101 SET @saved_cs_client     = @@character_set_client */;
/*!40101 SET character_set_client = utf8 */;
CREATE TABLE `user` (
  `id` int(11) NOT NULL AUTO_INCREMENT,
  `user_name` varchar(255) NOT NULL,
  `password` varchar(255) DEFAULT '123',
  `full_name` varchar(255) NOT NULL,
  `profile_id` int(11) NOT NULL,
  `status_id` int(11) DEFAULT '1',
  `created_at` datetime NOT NULL,
  `updated_at` datetime NOT NULL,
  PRIMARY KEY (`id`),
  UNIQUE KEY `user_user_name` (`user_name`)
) ENGINE=InnoDB AUTO_INCREMENT=4 DEFAULT CHARSET=utf8;
/*!40101 SET character_set_client = @saved_cs_client */;

--
-- Dumping data for table `user`
--

LOCK TABLES `user` WRITE;
/*!40000 ALTER TABLE `user` DISABLE KEYS */;
INSERT INTO `user` VALUES (1,'omar','master1+','Omar Melendrez',1,1,'2018-02-21 14:35:38','2018-02-21 14:35:38'),(2,'alejandro','123','Alejandro Valentini',1,1,'2018-02-21 15:01:40','2018-02-22 12:00:57'),(3,'gustavo','123','Gustavo Buffo',1,1,'2018-02-21 15:50:03','2018-02-21 15:50:03');
/*!40000 ALTER TABLE `user` ENABLE KEYS */;
UNLOCK TABLES;
/*!40103 SET TIME_ZONE=@OLD_TIME_ZONE */;

/*!40101 SET SQL_MODE=@OLD_SQL_MODE */;
/*!40014 SET FOREIGN_KEY_CHECKS=@OLD_FOREIGN_KEY_CHECKS */;
/*!40014 SET UNIQUE_CHECKS=@OLD_UNIQUE_CHECKS */;
/*!40101 SET CHARACTER_SET_CLIENT=@OLD_CHARACTER_SET_CLIENT */;
/*!40101 SET CHARACTER_SET_RESULTS=@OLD_CHARACTER_SET_RESULTS */;
/*!40101 SET COLLATION_CONNECTION=@OLD_COLLATION_CONNECTION */;
/*!40111 SET SQL_NOTES=@OLD_SQL_NOTES */;

-- Dump completed on 2018-03-19 11:16:00
